publisher,publish_year,publisher_month,publisher_day,author_num,title_word_num,body_word_num,word_num,image_num,bias,country
17,2020,5,15,1,17,1489,1506,1,1,2
17,2020,4,22,1,12,1124,1136,1,1,2
39,2020,5,18,1,14,866,880,1,5,2
39,2020,3,4,2,11,305,316,1,5,2
39,2020,5,18,1,9,492,501,1,5,2
39,2020,5,18,1,13,657,670,1,5,2
39,2020,5,18,3,14,912,926,1,5,2
39,2020,5,18,1,8,583,591,1,5,2
39,2020,5,15,1,11,639,650,1,5,2
39,2020,5,18,5,14,102,116,1,5,2
39,2020,5,18,1,7,635,642,1,5,2
39,2020,5,18,1,9,398,407,1,5,2
39,2020,5,18,1,13,291,304,1,5,2
39,2020,5,18,1,12,27,39,1,5,2
39,2020,5,18,1,18,46,64,1,5,2
39,2020,5,18,1,15,1070,1085,1,5,2
39,2020,5,18,2,13,633,646,1,5,2
39,2020,5,15,1,9,1251,1260,1,5,2
39,2020,5,15,1,8,642,650,1,5,2
41,2020,5,18,1,12,1491,1503,1,4,2
41,2020,5,17,1,7,970,977,1,4,2
41,2020,5,13,1,8,1103,1111,1,4,2
41,2020,5,6,1,10,1730,1740,1,4,2
41,2020,5,1,1,8,1318,1326,1,4,2
41,2020,4,29,1,7,1071,1078,1,4,2
41,2020,4,27,1,11,1349,1360,1,4,2
41,2020,5,16,1,11,1278,1289,1,4,2
41,2020,5,25,1,8,1296,1304,1,4,2
41,2020,4,17,1,11,216,227,1,4,2
41,2020,5,11,1,13,188,201,1,4,2
41,2020,5,16,1,10,1246,1256,1,4,2
27,2020,5,17,1,12,545,557,1,1,2
27,2020,5,17,1,12,1117,1129,1,1,2
27,2020,5,17,1,12,349,361,1,1,2
27,2020,5,17,1,10,1146,1156,1,1,2
27,2020,5,17,1,13,1482,1495,1,1,2
27,2020,5,16,1,11,853,864,1,1,2
27,2020,3,16,2,12,640,652,1,1,2
27,2020,3,30,3,9,227,236,1,1,2
27,2020,5,16,1,11,654,665,1,1,2
27,2020,5,16,1,11,520,531,1,1,2
27,2020,5,15,1,15,1894,1909,1,1,2
27,2020,5,15,1,12,575,587,1,1,2
27,2020,5,13,2,17,401,418,1,1,2
27,2020,5,12,1,10,560,570,1,1,2
27,2020,5,12,1,13,597,610,1,1,2
27,2020,5,12,3,9,997,1006,1,1,2
27,2020,5,11,1,14,800,814,1,1,2
27,2020,5,10,1,10,588,598,1,1,2
27,2020,5,11,2,12,1211,1223,1,1,2
27,2020,5,10,1,14,483,497,1,1,2
27,2020,5,8,2,12,479,491,1,1,2
27,2020,5,6,1,9,686,695,1,1,2
27,2020,4,30,1,12,545,557,1,1,2
27,2020,4,30,1,12,333,345,1,1,2
27,2020,4,30,1,8,1201,1209,1,1,2
27,2020,4,28,1,11,304,315,1,1,2
27,2020,4,14,0,9,1336,1345,1,1,2
27,2020,4,20,1,10,1312,1322,1,1,2
27,2020,4,27,1,11,404,415,1,1,2
27,2020,4,27,1,9,573,582,1,1,2
27,2020,4,23,4,11,796,807,1,1,2
27,2020,4,22,1,11,639,650,1,1,2
27,2020,4,21,1,11,673,684,1,1,2
27,2020,4,17,1,8,1192,1200,1,1,2
27,2020,4,16,1,15,387,402,1,1,2
27,2020,4,18,1,12,1177,1189,1,1,2
27,2020,4,15,2,9,292,301,1,1,2
27,2020,4,15,1,7,308,315,1,1,2
27,2020,4,13,1,8,407,415,1,1,2
27,2020,4,13,1,10,840,850,1,1,2
27,2020,4,13,1,9,1593,1602,1,1,2
27,2020,4,10,1,7,963,970,1,1,2
27,2020,4,11,0,10,264,274,1,1,2
27,2020,4,10,1,12,1269,1281,1,1,2
27,2020,5,1,1,5,1808,1813,1,1,2
27,2020,4,9,1,11,512,523,1,1,2
27,2020,4,9,1,12,428,440,1,1,2
27,2020,4,8,1,9,223,232,1,1,2
27,2020,4,9,1,9,1282,1291,1,1,2
27,2020,4,9,1,11,7163,7174,1,1,2
27,2020,4,6,2,12,673,685,1,1,2
27,2020,4,6,1,12,396,408,1,1,2
27,2020,3,12,1,7,400,407,1,1,2
27,2020,4,7,1,8,119,127,1,1,2
27,2020,4,7,1,12,223,235,1,1,2
27,2020,4,6,1,11,466,477,1,1,2
27,2020,4,3,1,10,744,754,1,1,2
27,2020,4,2,1,12,326,338,1,1,2
27,2020,4,1,2,13,1340,1353,1,1,2
27,2020,3,30,1,10,530,540,1,1,2
27,2020,3,25,1,11,294,305,1,1,2
27,2020,3,28,1,13,534,547,1,1,2
27,2020,3,26,1,14,735,749,1,1,2
27,2020,3,24,1,7,680,687,1,1,2
27,2020,3,23,1,9,251,260,1,1,2
27,2020,3,24,1,9,396,405,1,1,2
27,2020,3,23,1,13,397,410,1,1,2
27,2020,3,22,1,14,1414,1428,1,1,2
27,2020,3,21,1,10,818,828,1,1,2
27,2020,3,21,1,9,1017,1026,1,1,2
27,2020,3,19,2,13,1319,1332,1,1,2
27,2020,3,18,1,11,676,687,1,1,2
27,2020,3,16,1,6,1478,1484,1,1,2
27,2020,3,11,1,14,2902,2916,1,1,2
27,2020,3,14,1,12,658,670,1,1,2
27,2020,3,13,2,11,597,608,1,1,2
27,2020,3,12,1,7,270,277,1,1,2
27,2020,3,9,1,15,407,422,1,1,2
27,2020,3,2,1,8,737,745,1,1,2
27,2020,2,28,1,9,986,995,1,1,2
27,2020,2,28,3,9,1017,1026,1,1,2
27,2020,2,27,0,10,73,83,1,1,2
27,2020,2,26,1,8,660,668,1,1,2
27,2020,2,8,1,10,204,214,1,1,2
27,2020,2,6,1,8,462,470,1,1,2
27,2020,1,30,0,11,376,387,1,1,2
27,2020,1,22,1,9,868,877,1,1,2
27,2020,3,17,1,12,1741,1753,1,1,2
27,2020,5,16,1,10,560,570,1,1,2
27,2020,5,15,1,7,409,416,1,1,2
27,2020,5,14,1,11,961,972,1,1,2
27,2020,5,8,1,11,350,361,1,1,2
30,2020,5,14,2,6,753,759,1,1,2
30,2020,5,17,2,7,122,129,1,1,2
30,2020,5,17,0,11,445,456,1,1,2
30,2020,5,17,1,8,86,94,1,1,2
30,2020,5,16,2,10,124,134,1,1,2
30,2020,5,16,2,9,948,957,1,1,2
30,2020,4,29,0,12,125,137,1,1,2
30,2020,4,3,1,9,605,614,1,1,2
30,2020,4,29,1,11,1010,1021,1,1,2
30,2020,5,15,1,13,2875,2888,1,1,2
42,2020,5,19,2,8,7544,7552,1,5,2
42,2020,5,18,1,10,436,446,1,5,2
42,2020,5,18,1,10,280,290,1,5,2
42,2020,5,18,1,12,261,273,1,5,2
42,2020,5,15,1,12,2394,2406,1,5,2
42,2020,5,14,1,11,505,516,1,5,2
42,2020,5,1,1,13,1052,1065,1,5,2
42,2020,4,29,1,14,662,676,1,5,2
42,2020,4,29,1,10,220,230,1,5,2
42,2020,4,28,1,11,376,387,1,5,2
42,2020,4,28,1,13,635,648,1,5,2
42,2020,4,2,1,10,538,548,1,5,2
42,2020,4,1,1,12,295,307,1,5,2
42,2020,5,17,1,12,240,252,1,5,2
42,2020,5,13,1,13,359,372,1,5,2
42,2020,5,13,1,13,441,454,1,5,2
42,2020,5,13,1,10,2028,2038,1,5,2
42,2020,5,12,1,13,1731,1744,1,5,2
42,2020,5,11,1,10,199,209,1,5,2
42,2020,5,9,1,13,734,747,1,5,2
42,2020,5,8,1,11,681,692,1,5,2
42,2020,5,8,1,9,270,279,1,5,2
42,2020,4,29,1,9,523,532,1,5,2
42,2020,4,26,1,13,336,349,1,5,2
42,2020,4,25,1,12,183,195,1,5,2
42,2020,4,7,1,12,734,746,1,5,2
42,2020,4,6,1,8,445,453,1,5,2
42,2020,4,1,1,10,594,604,1,5,2
42,2020,3,31,1,14,794,808,1,5,2
42,2020,3,27,1,12,495,507,1,5,2
42,2020,3,26,1,12,864,876,1,5,2
42,2020,3,24,1,12,598,610,1,5,2
42,2020,3,21,1,13,230,243,1,5,2
42,2020,3,19,1,12,617,629,1,5,2
42,2020,3,19,1,11,716,727,1,5,2
42,2020,4,16,1,12,225,237,1,5,2
42,2020,4,10,1,12,246,258,1,5,2
42,2020,3,9,1,9,263,272,1,5,2
42,2020,5,6,1,12,490,502,1,5,2
42,2020,4,22,1,10,203,213,1,5,2
42,2020,4,30,1,9,2019,2028,1,5,2
42,2020,4,29,1,12,767,779,1,5,2
42,2020,4,18,1,11,191,202,1,5,2
42,2020,3,27,1,9,1064,1073,1,5,2
42,2020,3,24,1,15,343,358,1,5,2
42,2020,3,23,1,7,562,569,1,5,2
42,2020,3,23,1,13,1004,1017,1,5,2
42,2020,3,19,1,11,240,251,1,5,2
42,2020,3,13,1,7,148,155,1,5,2
42,2020,3,7,1,12,391,403,1,5,2
42,2020,3,12,1,6,152,158,1,5,2
42,2020,4,3,1,13,296,309,1,5,2
42,2020,5,13,1,9,550,559,1,5,2
42,2020,3,26,1,16,145,161,1,5,2
42,2020,4,2,1,12,326,338,1,5,2
42,2020,3,26,1,16,226,242,1,5,2
42,2020,3,24,1,10,377,387,1,5,2
42,2020,3,20,1,11,327,338,1,5,2
42,2020,3,20,1,13,455,468,1,5,2
42,2020,3,19,1,9,1193,1202,1,5,2
42,2020,3,16,1,15,332,347,1,5,2
42,2020,4,10,1,9,3669,3678,1,5,2
42,2020,3,31,1,12,1776,1788,1,5,2
42,2020,4,20,1,14,308,322,1,5,2
42,2020,3,19,1,10,270,280,1,5,2
42,2020,5,7,1,10,692,702,1,5,2
42,2020,4,27,1,12,1546,1558,1,5,2
42,2020,4,22,1,12,338,350,1,5,2
42,2020,4,6,1,8,974,982,1,5,2
42,2020,4,2,1,9,1079,1088,1,5,2
42,2020,3,27,1,9,1102,1111,1,5,2
42,2020,3,26,1,9,675,684,1,5,2
42,2020,3,19,1,11,914,925,1,5,2
42,2020,3,13,1,12,1126,1138,1,5,2
42,2020,3,11,1,12,274,286,1,5,2
42,2020,3,10,1,12,637,649,1,5,2
42,2020,5,5,1,9,1326,1335,1,5,2
42,2020,3,25,1,16,491,507,1,5,2
42,2020,3,16,1,13,911,924,1,5,2
42,2020,5,13,1,9,1687,1696,1,5,2
42,2020,4,3,1,12,441,453,1,5,2
42,2020,3,27,1,12,294,306,1,5,2
42,2020,3,20,1,12,861,873,1,5,2
42,2020,3,17,1,13,335,348,1,5,2
42,2020,5,1,1,10,237,247,1,5,2
42,2020,4,29,1,11,3016,3027,1,5,2
42,2020,4,28,1,8,293,301,1,5,2
42,2020,5,8,1,13,233,246,1,5,2
42,2020,5,12,1,12,253,265,1,5,2
42,2020,5,7,1,13,707,720,1,5,2
42,2020,4,30,1,8,312,320,1,5,2
42,2020,4,29,2,15,397,412,1,5,2
42,2020,4,29,1,16,1473,1489,1,5,2
42,2020,4,8,1,10,1035,1045,1,5,2
42,2020,4,6,1,16,363,379,1,5,2
42,2020,4,2,1,15,1982,1997,1,5,2
42,2020,3,20,1,12,810,822,1,5,2
42,2020,3,9,1,14,347,361,1,5,2
42,2020,5,14,1,8,308,316,1,5,2
42,2020,5,7,1,10,566,576,1,5,2
42,2020,5,5,1,11,617,628,1,5,2
42,2020,4,30,2,11,396,407,1,5,2
42,2020,4,25,1,13,250,263,1,5,2
42,2020,4,24,1,13,486,499,1,5,2
42,2020,4,24,1,11,415,426,1,5,2
42,2020,5,11,1,12,691,703,1,5,2
42,2020,5,5,1,15,294,309,1,5,2
42,2020,5,15,1,12,294,306,1,5,2
42,2020,5,15,1,7,946,953,1,5,2
42,2020,5,9,1,7,228,235,1,5,2
42,2020,5,7,1,6,220,226,1,5,2
42,2020,5,7,3,6,4025,4031,1,5,2
42,2020,5,5,1,13,719,732,1,5,2
42,2020,5,1,1,11,638,649,1,5,2
42,2020,4,30,2,8,413,421,1,5,2
42,2020,1,24,9,8,195,203,1,5,2
42,2020,4,30,1,7,863,870,1,5,2
42,2020,1,23,1,8,2485,2493,1,5,2
42,2020,4,29,1,9,1555,1564,1,5,2
42,2020,4,28,1,7,460,467,1,5,2
42,2020,4,28,1,13,270,283,1,5,2
42,2020,4,24,1,11,269,280,1,5,2
42,2020,4,24,1,16,695,711,1,5,2
42,2020,4,21,1,13,1052,1065,1,5,2
42,2020,3,27,1,11,1375,1386,1,5,2
42,2020,4,21,1,9,350,359,1,5,2
42,2020,4,21,1,13,466,479,1,5,2
42,2020,4,20,1,9,1039,1048,1,5,2
42,2020,4,20,1,14,425,439,1,5,2
42,2020,4,17,1,10,393,403,1,5,2
42,2020,4,16,1,11,758,769,1,5,2
42,2020,5,15,1,12,253,265,1,5,2
42,2020,5,6,1,9,1050,1059,1,5,2
42,2020,5,4,1,14,449,463,1,5,2
42,2020,4,2,1,14,344,358,1,5,2
42,2020,5,4,1,14,414,428,1,5,2
42,2020,5,14,1,15,299,314,1,5,2
42,2020,5,12,1,10,321,331,1,5,2
42,2020,5,7,1,10,399,409,1,5,2
45,2020,5,18,1,13,737,750,1,1,2
45,2020,4,29,1,14,1994,2008,1,1,2
45,2020,5,19,1,18,486,504,1,1,2
45,2020,5,20,1,12,1461,1473,1,1,2
45,2020,5,19,1,10,818,828,1,1,2
45,2020,5,19,1,10,1215,1225,1,1,2
45,2020,5,19,1,9,549,558,1,1,2
45,2020,5,20,1,17,876,893,1,1,2
45,2020,5,20,5,16,1615,1631,1,1,2
45,2020,5,18,2,13,1507,1520,1,1,2
45,2020,5,20,1,14,1591,1605,1,1,2
45,2020,5,20,1,17,852,869,1,1,2
45,2020,5,20,0,10,852,862,1,1,2
45,2020,4,9,1,5,229,234,1,1,2
45,2020,5,19,1,12,1288,1300,1,1,2
45,2020,5,17,4,13,1804,1817,1,1,2
45,2020,5,20,1,11,457,468,1,1,2
45,2020,5,20,1,16,808,824,1,1,2
45,2020,5,20,0,12,591,603,1,1,2
45,2020,5,19,1,11,778,789,1,1,2
45,2020,5,20,1,10,229,239,1,1,2
45,2020,5,20,0,10,738,748,1,1,2
45,2020,5,20,1,16,1038,1054,1,1,2
45,2020,5,19,1,10,941,951,1,1,2
45,2020,5,20,1,14,322,336,1,1,2
45,2020,5,18,1,15,1033,1048,1,1,2
45,2020,5,20,0,9,1033,1042,1,1,2
45,2020,5,20,1,15,546,561,1,1,2
45,2020,4,10,1,13,241,254,1,1,2
45,2020,5,20,3,14,1550,1564,1,1,2
45,2020,5,20,1,16,1251,1267,1,1,2
45,2020,5,20,1,13,1000,1013,1,1,2
45,2020,5,20,2,19,2231,2250,1,1,2
45,2020,5,20,2,12,2457,2469,1,1,2
45,2020,5,19,1,13,435,448,1,1,2
45,2020,5,15,1,11,978,989,1,1,2
45,2020,5,18,1,13,1663,1676,1,1,2
45,2020,5,18,1,15,863,878,1,1,2
45,2020,5,17,1,16,1969,1985,1,1,2
45,2020,3,10,4,6,483,489,1,1,2
45,2020,5,12,0,11,483,494,1,1,2
45,2020,4,27,2,9,1453,1462,1,1,2
45,2020,5,18,1,14,591,605,1,1,2
45,2020,5,18,1,20,1182,1202,1,1,2
45,2020,5,11,1,13,1046,1059,1,1,2
45,2020,3,12,1,18,680,698,1,1,2
45,2020,3,16,0,11,1782,1793,1,1,2
45,2020,5,19,1,13,375,388,1,1,2
45,2020,5,20,0,13,916,929,1,1,2
45,2020,3,10,0,12,440,452,1,1,2
45,2020,4,1,0,4,440,444,1,1,2
45,2020,5,19,0,15,477,492,1,1,2
45,2020,5,19,1,12,824,836,1,1,2
45,2020,5,18,0,10,635,645,1,1,2
45,2020,5,18,0,8,353,361,1,1,2
45,2020,5,18,1,11,358,369,1,1,2
45,2020,5,18,3,15,772,787,1,1,2
45,2020,5,18,1,14,736,750,1,1,2
45,2020,5,18,1,12,761,773,1,1,2
45,2020,5,18,2,14,806,820,1,1,2
45,2020,5,17,1,15,842,857,1,1,2
45,2020,5,16,1,15,796,811,1,1,2
45,2020,5,17,0,12,881,893,1,1,2
45,2020,5,17,1,15,871,886,1,1,2
45,2020,5,11,0,5,871,876,1,1,2
45,2020,5,14,1,15,690,705,1,1,2
45,2020,5,9,2,8,813,821,1,1,2
45,2020,5,20,4,12,1002,1014,1,1,2
45,2020,5,19,1,13,965,978,1,1,2
45,2020,5,19,1,12,593,605,1,1,2
45,2020,3,30,0,4,93,97,1,1,2
45,2020,4,13,0,11,185,196,1,1,2
45,2020,4,15,0,12,2200,2212,1,1,2
45,2020,5,8,1,11,432,443,1,1,2
45,2020,5,16,1,14,1138,1152,1,1,2
45,2020,5,17,1,18,2245,2263,1,1,2
45,2020,5,14,0,13,2245,2258,1,1,2
45,2020,5,5,0,14,248,262,1,1,2
45,2020,4,7,0,11,454,465,1,1,2
45,2020,3,16,0,13,273,286,1,1,2
45,2020,5,16,0,6,273,279,1,1,2
45,2020,5,19,1,15,184,199,1,1,2
45,2020,5,19,1,16,775,791,1,1,2
45,2020,5,19,1,12,385,397,1,1,2
45,2020,5,19,0,11,408,419,1,1,2
45,2020,5,18,1,13,1173,1186,1,1,2
45,2020,5,19,1,15,1948,1963,1,1,2
45,2020,5,19,1,12,1535,1547,1,1,2
45,2020,5,19,1,14,435,449,1,1,2
45,2020,4,29,1,13,2001,2014,1,1,2
45,2020,5,19,2,15,1124,1139,1,1,2
45,2020,5,18,1,19,506,525,1,1,2
45,2020,5,18,1,16,346,362,1,1,2
45,2020,5,18,0,11,346,357,1,1,2
45,2020,5,18,1,13,1105,1118,1,1,2
45,2020,5,18,1,16,401,417,1,1,2
45,2020,5,18,1,12,332,344,1,1,2
45,2020,5,18,0,8,332,340,1,1,2
45,2020,5,18,0,12,228,240,1,1,2
45,2020,5,17,2,13,312,325,1,1,2
45,2020,5,19,1,14,238,252,1,1,2
45,2020,5,17,0,10,238,248,1,1,2
45,2020,5,20,2,16,483,499,1,1,2
45,2020,5,19,1,11,666,677,1,1,2
45,2020,5,8,1,16,1033,1049,1,1,2
45,2020,5,5,2,15,1696,1711,1,1,2
45,2020,5,16,1,12,808,820,1,1,2
45,2020,5,4,0,10,808,818,1,1,2
45,2020,5,18,1,15,266,281,1,1,2
45,2020,5,19,1,16,1345,1361,1,1,2
45,2020,5,18,1,21,369,390,1,1,2
45,2020,5,12,0,15,6585,6600,1,1,2
45,2020,5,19,1,12,697,709,1,1,2
45,2020,5,18,1,13,661,674,1,1,2
45,2020,5,18,0,11,399,410,1,1,2
45,2020,5,19,1,19,743,762,1,1,2
45,2020,5,14,1,10,830,840,1,1,2
45,2020,5,20,1,15,324,339,1,1,2
46,2020,5,18,1,7,374,381,1,5,2
46,2020,5,15,1,9,374,383,1,5,2
46,2020,5,13,1,8,374,382,1,5,2
46,2020,3,26,1,9,374,383,1,5,2
46,2020,3,2,1,9,374,383,1,5,2
46,2020,4,21,1,9,374,383,1,5,2
43,0,0,0,0,7,553,560,1,5,2
43,2020,4,24,0,8,3675,3683,1,5,2
43,2020,5,17,1,13,333,346,1,5,2
43,2020,5,19,3,13,1003,1016,1,5,2
43,2020,5,19,2,16,1339,1355,1,5,2
43,2020,5,19,3,11,1832,1843,1,5,2
43,2020,5,19,2,17,365,382,1,5,2
43,2020,5,19,1,14,661,675,1,5,2
43,2020,3,13,1,16,1698,1714,1,5,2
43,2020,5,18,1,14,856,870,1,5,2
43,2020,3,21,2,8,2882,2890,1,5,2
43,2020,5,19,1,20,1566,1586,1,5,2
43,2020,5,18,1,20,1921,1941,1,5,2
43,2020,5,19,1,11,648,659,1,5,2
43,2020,5,19,1,8,962,970,1,5,2
43,2020,5,18,1,12,936,948,1,5,2
43,2020,5,19,1,9,815,824,1,5,2
43,2020,5,19,1,9,755,764,1,5,2
43,2020,5,18,1,7,947,954,1,5,2
43,2020,5,18,3,14,2834,2848,1,5,2
43,2020,5,18,1,15,1368,1383,1,5,2
43,2020,5,19,1,10,683,693,1,5,2
43,2020,5,19,1,15,1136,1151,1,5,2
43,2020,5,19,2,20,353,373,1,5,2
43,2020,5,8,2,9,2640,2649,1,5,2
43,2020,5,8,1,10,824,834,1,5,2
43,2020,3,26,2,15,1352,1367,1,5,2
43,2020,4,6,0,12,4024,4036,1,5,2
43,2020,5,18,1,9,84,93,1,5,2
43,2020,5,6,3,9,1618,1627,1,5,2
43,2020,5,11,1,11,67,78,1,5,2
43,2020,5,19,1,8,879,887,1,5,2
43,2020,5,18,1,10,742,752,1,5,2
47,2020,5,20,1,19,735,754,1,5,2
47,2020,5,19,1,11,696,707,1,5,2
47,2020,5,20,3,8,601,609,1,5,2
47,2020,5,20,1,15,263,278,1,5,2
47,2020,5,20,1,24,655,679,1,5,2
47,2020,5,19,0,9,173,182,1,5,2
47,2020,5,20,1,17,513,530,1,5,2
47,2020,5,20,1,13,678,691,1,5,2
47,2020,5,20,1,14,387,401,1,5,2
47,2020,5,19,1,15,701,716,1,5,2
47,2020,5,19,1,14,541,555,1,5,2
47,2020,5,20,1,13,313,326,1,5,2
47,2020,5,20,0,10,517,527,1,5,2
47,2020,5,20,2,10,3205,3215,1,5,2
47,2020,5,19,1,20,522,542,1,5,2
47,2020,5,19,1,13,595,608,1,5,2
47,2020,5,19,1,9,535,544,1,5,2
47,2020,5,19,1,11,492,503,1,5,2
47,2020,5,18,0,6,95,101,1,5,2
47,2020,5,17,0,9,106,115,1,5,2
47,2020,5,16,1,15,567,582,1,5,2
47,2020,5,16,2,11,597,608,1,5,2
47,2020,5,15,1,11,570,581,1,5,2
47,2020,5,15,1,16,462,478,1,5,2
47,2020,5,15,1,16,538,554,1,5,2
47,2020,5,15,1,12,605,617,1,5,2
47,2020,5,19,3,12,769,781,1,5,2
47,2020,5,20,2,12,675,687,1,5,2
47,2020,5,20,0,15,343,358,1,5,2
47,2020,5,20,2,13,635,648,1,5,2
47,2020,5,20,2,12,615,627,1,5,2
47,2020,5,20,3,12,2456,2468,1,5,2
47,2020,5,20,2,24,520,544,1,5,2
47,2020,5,20,2,14,720,734,1,5,2
47,2020,5,20,1,12,390,402,1,5,2
47,2020,5,20,3,11,718,729,1,5,2
33,2020,5,19,0,9,556,565,1,1,1
33,2020,5,19,2,10,875,885,1,1,1
33,2020,5,19,2,9,588,597,1,1,1
33,2020,5,19,1,11,772,783,1,1,1
33,2020,5,19,0,10,442,452,1,1,1
33,2020,5,19,1,12,732,744,1,1,1
33,2020,5,19,1,10,467,477,1,1,1
33,2020,5,19,0,7,173,180,1,1,1
33,2020,5,19,0,6,220,226,1,1,1
33,2020,5,19,0,11,624,635,1,1,1
33,2020,5,19,1,7,105,112,1,1,1
33,2020,5,19,2,13,412,425,1,1,1
33,2020,5,19,2,12,227,239,1,1,1
33,2020,5,19,0,13,638,651,1,1,1
33,2020,5,19,3,11,692,703,1,1,1
33,2020,5,19,0,10,239,249,1,1,1
33,2020,5,19,1,10,483,493,1,1,1
33,2020,5,19,1,18,467,485,1,1,1
33,2020,5,19,1,12,356,368,1,1,1
33,2020,5,19,0,9,363,372,1,1,1
33,2020,5,19,3,9,303,312,1,1,1
33,2020,5,18,3,11,752,763,1,1,1
33,2020,5,19,0,12,228,240,1,1,1
33,2020,5,19,2,10,447,457,1,1,1
33,2020,5,19,3,13,1010,1023,1,1,1
33,2020,5,19,1,9,379,388,1,1,1
33,2020,5,18,2,13,512,525,1,1,1
33,2020,5,18,2,9,761,770,1,1,1
33,2020,5,19,0,8,202,210,1,1,1
33,2020,5,19,2,11,362,373,1,1,1
33,2020,5,19,0,9,324,333,1,1,1
33,2020,5,19,0,12,340,352,1,1,1
33,2020,5,19,3,9,875,884,1,1,1
33,2020,5,19,1,10,244,254,1,1,1
33,2020,5,19,1,11,780,791,1,1,1
33,2020,5,19,1,10,319,329,1,1,1
33,2020,5,19,0,10,269,279,1,1,1
33,2020,5,19,1,12,425,437,1,1,1
33,2020,5,18,0,22,670,692,1,1,1
33,2020,5,18,0,9,679,688,1,1,1
33,2020,5,15,0,17,549,566,1,1,1
33,2020,5,15,0,25,453,478,1,1,1
33,2020,5,19,1,11,332,343,1,1,1
33,2020,5,19,1,11,332,343,1,1,1
33,2020,5,19,0,9,180,189,1,1,1
33,2020,5,19,2,11,568,579,1,1,1
33,2020,5,19,0,9,218,227,1,1,1
33,2020,5,19,1,12,302,314,1,1,1
33,2020,5,19,0,11,239,250,1,1,1
33,2020,5,19,2,12,294,306,1,1,1
33,2020,5,18,1,11,779,790,1,1,1
33,2020,5,19,0,9,263,272,1,1,1
33,2020,5,19,0,12,128,140,1,1,1
33,2020,5,19,0,13,93,106,1,1,1
33,2020,5,19,1,9,1006,1015,1,1,1
33,2020,5,19,0,8,505,513,1,1,1
33,2020,5,18,0,7,1121,1128,1,1,1
33,2020,5,18,1,10,423,433,1,1,1
33,2020,5,19,0,11,214,225,1,1,1
33,0,0,0,2,11,936,947,1,1,1
33,0,0,0,1,10,62,72,1,1,1
33,0,0,0,2,8,636,644,1,1,1
33,0,0,0,1,11,873,884,1,1,1
33,0,0,0,1,13,1624,1637,1,1,1
33,0,0,0,1,6,149,155,1,1,1
33,0,0,0,2,10,1035,1045,1,1,1
33,2020,5,18,1,12,430,442,1,1,1
34,2020,5,16,1,17,4493,4510,1,4,2
34,2020,5,15,1,7,1919,1926,1,4,2
34,2020,5,17,1,14,4074,4088,1,4,2
34,2020,5,18,1,10,1879,1889,1,4,2
34,2020,5,18,1,6,895,901,1,4,2
34,2020,5,18,1,16,1022,1038,1,4,2
34,2020,5,18,1,13,178,191,1,4,2
34,2020,5,15,1,13,736,749,1,4,2
34,2020,5,18,1,12,1008,1020,1,4,2
34,2020,5,14,1,12,1573,1585,1,4,2
34,2020,5,17,1,12,490,502,1,4,2
34,2020,5,14,1,7,1135,1142,1,4,2
34,2020,5,12,1,12,822,834,1,4,2
34,2020,5,8,1,11,823,834,1,4,2
34,2020,5,7,1,10,1229,1239,1,4,2
34,2020,5,7,1,9,1308,1317,1,4,2
34,2020,5,6,1,18,1309,1327,1,4,2
34,2020,5,1,1,9,1088,1097,1,4,2
34,2020,5,13,1,15,1420,1435,1,4,2
34,2020,5,15,1,6,961,967,1,4,2
34,2020,5,14,1,13,959,972,1,4,2
34,2020,5,13,1,10,1259,1269,1,4,2
34,2020,5,12,1,4,1260,1264,1,4,2
34,2020,5,12,4,9,3199,3208,1,4,2
40,2020,5,7,0,9,596,605,0,4,2
40,2020,5,12,0,12,581,593,0,4,2
40,2020,5,7,0,12,220,232,0,4,2
40,2020,5,8,0,12,936,948,0,4,2
40,2020,5,1,1,9,1158,1167,1,4,2
40,2020,3,27,1,8,905,913,1,4,2
40,2020,5,13,0,11,829,840,0,4,2
40,2020,4,1,1,15,817,832,1,4,2
40,2020,5,13,0,9,748,757,0,4,2
40,2020,3,24,1,4,1148,1152,1,4,2
40,2020,4,17,1,10,1816,1826,1,4,2
40,2020,4,9,1,10,1602,1612,1,4,2
40,2020,3,17,1,7,1920,1927,1,4,2
40,2020,3,24,1,8,1534,1542,1,4,2
40,2020,3,23,1,9,615,624,1,4,2
40,2020,4,30,1,12,1361,1373,1,4,2
40,2020,5,12,1,13,7328,7341,1,4,2
40,2020,3,25,1,8,577,585,1,4,2
40,2020,3,25,1,7,1392,1399,1,4,2
40,2020,3,18,2,9,1126,1135,1,4,2
40,2020,3,14,1,7,1014,1021,1,4,2
40,2020,4,16,1,8,734,742,1,4,2
40,2020,4,21,1,10,4499,4509,1,4,2
40,2020,4,22,1,11,645,656,1,4,2
40,2020,5,7,1,9,1374,1383,1,4,2
40,2020,1,21,2,8,1816,1824,1,4,2
40,2020,5,1,1,10,712,722,1,4,2
40,2020,5,6,1,6,1373,1379,1,4,2
40,2020,4,16,1,5,988,993,1,4,2
40,2020,4,24,1,8,1848,1856,1,4,2
40,2020,3,30,2,12,1350,1362,1,4,2
40,2020,4,17,0,13,6228,6241,1,4,2
40,2020,3,17,2,13,1094,1107,1,4,2
40,2020,4,17,0,10,5598,5608,0,4,2
40,2020,4,5,2,8,1448,1456,1,4,2
40,2020,5,8,0,8,650,658,0,4,2
40,2020,4,18,1,10,6336,6346,1,4,2
40,2020,4,20,0,11,6065,6076,1,4,2
40,2020,5,6,1,10,1496,1506,1,4,2
40,2020,4,11,0,11,3840,3851,1,4,2
40,2020,5,2,1,11,948,959,1,4,2
40,2020,4,16,1,12,1048,1060,1,4,2
40,2020,5,4,1,8,1411,1419,1,4,2
40,2020,3,18,2,10,2834,2844,1,4,2
40,2020,5,1,2,10,1133,1143,1,4,2
40,2020,4,17,0,7,2293,2300,1,4,2
40,2020,4,12,4,14,2531,2545,1,4,2
40,2020,4,23,0,9,2356,2365,1,4,2
40,2020,4,3,1,12,1447,1459,1,4,2
40,2020,3,24,1,11,1726,1737,1,4,2
40,2020,4,8,1,11,1525,1536,1,4,2
40,2020,4,9,0,10,4424,4434,1,4,2
40,2020,4,8,0,9,2134,2143,1,4,2
40,2020,4,20,1,11,1393,1404,1,4,2
40,2020,3,30,0,6,1928,1934,1,4,2
40,2020,4,15,2,9,1184,1193,1,4,2
40,2020,5,8,0,10,2236,2246,0,4,2
40,2020,5,7,1,10,3463,3473,1,4,2
40,2020,3,16,0,9,3344,3353,1,4,2
40,2020,5,9,2,11,3761,3772,1,4,2
40,2020,4,17,1,9,1784,1793,1,4,2
40,2020,5,6,1,7,1716,1723,1,4,2
40,2020,5,13,1,8,2353,2361,1,4,2
40,2020,4,16,0,17,4780,4797,1,4,2
40,2020,4,4,1,6,4014,4020,0,4,2
40,2020,5,13,2,8,1640,1648,1,4,2
40,2020,4,9,0,7,4924,4931,1,4,2
36,2020,3,17,0,5,155,160,1,7,2
36,2020,5,19,0,6,55,61,1,7,2
36,2020,5,22,0,9,341,350,1,7,2
36,2020,5,22,1,8,889,897,1,7,2
36,2020,5,19,0,6,889,895,1,7,2
36,2020,3,19,0,3,889,892,1,7,2
36,2020,5,21,1,13,340,353,1,7,2
36,2020,5,20,1,12,273,285,1,7,2
36,2020,5,19,1,8,1510,1518,1,7,2
36,2020,5,20,1,13,1074,1087,1,7,2
36,2020,5,19,1,18,675,693,1,7,2
36,2020,5,19,1,14,621,635,1,7,2
36,2020,5,21,0,10,246,256,1,7,2
36,2020,5,20,0,12,128,140,1,7,2
36,2020,5,20,1,10,1393,1403,1,7,2
36,2020,5,20,1,10,543,553,1,7,2
36,2020,5,19,1,10,880,890,1,7,2
36,2020,5,19,1,10,217,227,1,7,2
36,2020,5,18,2,9,993,1002,1,7,2
36,2020,5,18,3,12,1777,1789,1,7,2
36,2020,5,19,0,7,449,456,1,7,2
36,2020,5,18,1,4,377,381,1,7,2
36,2020,3,12,0,9,146,155,1,7,2
36,2020,5,20,1,10,454,464,1,7,2
36,2020,4,15,0,8,454,462,1,7,2
36,2020,5,16,1,10,517,527,1,7,2
36,2020,5,15,1,12,577,589,1,7,2
36,2020,5,15,1,8,896,904,1,7,2
36,2020,5,15,1,10,805,815,1,7,2
36,2020,5,18,1,9,1614,1623,1,7,2
36,2020,5,8,2,10,431,441,1,7,2
1,2020,5,16,1,10,872,882,1,5,2
1,2020,5,15,2,17,1950,1967,1,5,2
1,2020,5,16,1,11,1363,1374,1,5,2
1,2020,5,16,2,11,515,526,1,5,2
1,2020,5,14,1,13,311,324,1,5,2
1,2020,5,16,3,13,806,819,1,5,2
1,2020,5,15,3,10,1811,1821,1,5,2
1,2020,5,16,1,8,1270,1278,1,5,2
1,2020,5,16,2,9,1196,1205,1,5,2
1,2020,5,15,1,11,759,770,1,5,2
1,2020,5,15,1,11,1549,1560,1,5,2
1,2020,5,16,2,16,1483,1499,1,5,2
1,2020,5,16,4,9,12528,12537,1,5,2
1,2020,5,15,1,8,1683,1691,1,5,2
1,2020,5,15,1,11,349,360,1,5,2
1,2020,5,15,1,15,2158,2173,1,5,2
1,2020,5,16,2,8,2273,2281,1,5,2
1,2020,5,15,1,11,802,813,1,5,2
35,2020,5,18,1,6,563,569,1,5,2
35,2020,5,19,1,12,520,532,1,5,2
35,2020,5,18,1,6,500,506,1,5,2
35,2020,5,17,1,7,577,584,1,5,2
35,2020,5,16,1,4,553,557,1,5,2
35,2020,5,12,1,5,473,478,1,5,2
35,2020,5,15,1,9,521,530,1,5,2
35,2020,5,12,1,5,549,554,1,5,2
35,2020,2,28,1,8,511,519,1,5,2
35,2020,5,17,2,10,599,609,1,5,2
35,2020,5,15,1,7,629,636,1,5,2
35,2020,5,2,1,4,556,560,1,5,2
35,2020,4,18,1,10,617,627,1,5,2
7,2020,5,16,1,11,314,325,1,5,2
7,2020,5,18,0,11,306,317,1,5,2
7,2020,5,11,0,17,1887,1904,1,5,2
7,2020,5,15,1,11,453,464,1,5,2
7,2020,5,15,1,14,1627,1641,1,5,2
7,2020,5,15,1,18,759,777,1,5,2
7,2020,5,15,1,15,633,648,1,5,2
7,2020,5,15,1,7,722,729,1,5,2
7,2020,5,15,1,14,950,964,1,5,2
7,2020,5,12,1,17,989,1006,1,5,2
7,2020,5,14,1,14,1063,1077,1,5,2
7,2020,5,8,0,17,515,532,1,5,2
7,2020,5,16,0,12,334,346,1,5,2
7,2020,5,15,1,7,727,734,1,5,2
7,2020,5,15,0,13,303,316,1,5,2
7,2020,5,14,1,12,752,764,1,5,2
7,2020,5,15,1,12,216,228,1,5,2
7,2020,5,15,1,15,469,484,1,5,2
7,2020,5,15,1,8,297,305,1,5,2
7,2020,5,15,1,11,1307,1318,1,5,2
7,2020,5,13,1,16,1578,1594,1,5,2
7,2020,5,15,2,9,741,750,1,5,2
7,2020,5,16,2,10,2062,2072,1,5,2
7,2020,5,15,2,13,955,968,1,5,2
7,2020,5,16,1,10,1537,1547,1,5,2
7,2020,5,13,0,14,592,606,1,5,2
7,2020,5,15,0,15,327,342,1,5,2
7,2020,5,16,1,15,354,369,1,5,2
7,2020,5,15,1,9,314,323,1,5,2
7,2020,5,15,0,12,326,338,1,5,2
7,2020,5,12,1,13,596,609,1,5,2
7,2020,5,15,1,14,372,386,1,5,2
7,2020,5,15,1,14,504,518,1,5,2
7,2020,5,15,1,9,466,475,1,5,2
7,2020,5,14,1,13,507,520,1,5,2
7,2020,5,14,1,12,657,669,1,5,2
7,2020,5,15,1,6,508,514,1,5,2
7,2020,5,14,0,18,536,554,1,5,2
7,2020,5,13,1,18,400,418,1,5,2
7,2020,5,13,1,17,744,761,1,5,2
7,2020,5,12,1,12,479,491,1,5,2
7,2020,4,24,1,14,382,396,1,5,2
7,2020,5,11,1,11,2038,2049,1,5,2
7,2020,5,10,0,11,1071,1082,1,5,2
7,2020,5,10,0,10,665,675,1,5,2
7,2020,5,14,0,8,563,571,1,5,2
7,2020,5,3,1,9,1914,1923,1,5,2
7,2020,5,3,1,14,2031,2045,1,5,2
7,2020,5,3,0,14,1979,1993,1,5,2
7,2020,4,27,1,10,2140,2150,1,5,2
7,2020,4,27,0,13,2029,2042,1,5,2
7,2020,4,26,1,14,2102,2116,1,5,2
7,2020,5,11,0,8,32,40,1,5,2
7,2020,5,12,0,10,238,248,1,5,2
7,2020,5,11,1,10,362,372,1,5,2
7,2020,5,10,1,16,347,363,1,5,2
7,2020,5,7,0,20,488,508,1,5,2
7,2020,5,6,1,9,239,248,1,5,2
7,2020,5,5,1,11,251,262,1,5,2
7,2020,5,4,1,10,355,365,1,5,2
7,2020,5,5,2,13,1918,1931,1,5,2
7,2020,3,20,1,12,899,911,1,5,2
7,2020,5,15,1,6,590,596,1,5,2
7,2020,5,15,1,17,631,648,1,5,2
7,2020,5,15,0,8,752,760,1,5,2
7,2020,4,21,0,11,451,462,1,5,2
7,2020,5,1,1,15,363,378,1,5,2
9,2020,5,16,2,14,657,671,1,5,2
9,2020,5,16,0,16,2725,2741,1,5,2
9,2020,5,16,1,19,2728,2747,1,5,2
9,2020,5,15,1,5,612,617,1,5,2
9,2020,5,15,1,12,2189,2201,1,5,2
9,2020,5,15,1,14,674,688,1,5,2
9,2020,5,15,1,16,376,392,1,5,2
9,2020,5,15,1,12,785,797,1,5,2
9,2020,5,16,0,10,946,956,1,5,2
9,2020,5,16,1,10,619,629,1,5,2
9,2020,5,8,1,18,735,753,1,5,2
9,2020,4,24,0,15,298,313,1,5,2
9,2020,3,13,1,12,188,200,1,5,2
9,2020,4,15,1,10,293,303,1,5,2
9,2020,4,2,1,14,1046,1060,1,5,2
9,2020,3,26,1,10,894,904,1,5,2
9,2020,5,16,1,12,648,660,1,5,2
9,2020,5,16,1,11,227,238,1,5,2
9,2020,5,16,0,9,1101,1110,1,5,2
9,2020,5,15,0,10,950,960,1,5,2
9,2020,5,15,1,11,410,421,1,5,2
9,2020,5,14,0,10,830,840,1,5,2
9,2020,5,11,1,7,293,300,1,5,2
9,2020,5,7,1,14,407,421,1,5,2
9,2020,5,6,1,10,574,584,1,5,2
9,2020,5,5,1,16,363,379,1,5,2
9,2020,5,8,3,11,1086,1097,1,5,2
9,2020,5,15,0,10,102,112,1,5,2
9,2020,5,15,1,10,284,294,1,5,2
9,2020,5,15,1,9,150,159,1,5,2
9,2020,5,15,1,10,667,677,1,5,2
9,2020,5,13,0,11,542,553,1,5,2
9,2020,5,8,0,10,829,839,1,5,2
9,2020,5,5,0,10,264,274,1,5,2
9,2020,5,11,0,22,745,767,1,5,2
9,2020,5,11,1,10,699,709,1,5,2
9,2020,5,7,0,13,512,525,1,5,2
9,2020,5,6,0,16,578,594,1,5,2
9,2020,5,5,0,6,870,876,1,5,2
9,2020,5,4,0,13,823,836,1,5,2
9,2020,4,30,0,9,826,835,1,5,2
9,2020,4,30,0,13,599,612,1,5,2
9,2020,4,30,0,14,783,797,1,5,2
9,2020,4,29,0,15,816,831,1,5,2
9,2020,4,28,0,10,931,941,1,5,2
9,2020,4,27,1,14,800,814,1,5,2
9,2020,4,23,0,14,851,865,1,5,2
9,2020,4,23,0,13,898,911,1,5,2
9,2020,4,23,0,17,597,614,1,5,2
9,2020,4,20,0,17,995,1012,1,5,2
9,2020,4,20,0,26,770,796,1,5,2
9,2020,4,20,0,12,434,446,1,5,2
9,2020,4,17,1,9,717,726,1,5,2
9,2020,4,13,1,11,560,571,1,5,2
9,2020,4,16,0,8,569,577,1,5,2
9,2020,4,13,1,10,591,601,1,5,2
9,2020,4,13,0,14,668,682,1,5,2
9,2020,4,10,0,16,847,863,1,5,2
9,2020,5,15,1,13,569,582,1,5,2
9,2020,5,14,1,11,644,655,1,5,2
9,2020,5,14,1,16,423,439,1,5,2
9,2020,5,14,1,17,575,592,1,5,2
9,2020,5,14,1,14,803,817,1,5,2
9,2020,5,13,1,24,670,694,1,5,2
9,2020,5,12,1,18,626,644,1,5,2
9,2020,5,12,1,22,759,781,1,5,2
9,2020,5,12,2,14,660,674,1,5,2
9,2020,5,11,1,12,199,211,1,5,2
9,2020,5,11,1,17,934,951,1,5,2
9,2020,5,11,1,17,499,516,1,5,2
9,2020,5,10,1,16,396,412,1,5,2
9,2020,5,8,1,17,1029,1046,1,5,2
9,2020,4,15,1,8,762,770,1,5,2
9,2020,5,15,1,12,798,810,1,5,2
9,2020,5,15,1,11,472,483,1,5,2
9,2020,5,14,0,9,910,919,1,5,2
9,2020,5,13,0,7,143,150,1,5,2
9,2020,5,13,0,9,623,632,1,5,2
9,2020,5,12,0,10,809,819,1,5,2
9,2020,5,12,0,11,794,805,1,5,2
9,2020,5,8,1,14,749,763,1,5,2
9,2020,5,7,1,11,724,735,1,5,2
9,2020,5,7,0,6,103,109,1,5,2
9,2020,5,6,1,9,666,675,1,5,2
9,2020,5,6,0,8,784,792,1,5,2
9,2020,5,5,0,8,384,392,1,5,2
9,2020,5,5,0,7,947,954,1,5,2
9,2020,5,4,1,11,770,781,1,5,2
9,2020,5,4,0,9,537,546,1,5,2
9,2020,5,4,0,10,661,671,1,5,2
9,2020,5,1,2,13,785,798,1,5,2
9,2020,5,1,1,12,968,980,1,5,2
9,2020,4,30,0,9,611,620,1,5,2
9,2020,5,16,1,18,590,608,1,5,2
9,2020,5,15,1,10,764,774,1,5,2
9,2020,5,14,1,7,756,763,1,5,2
9,2020,5,14,1,11,718,729,1,5,2
9,2020,5,13,1,8,804,812,1,5,2
9,2020,5,12,1,15,618,633,1,5,2
9,2020,5,12,1,8,1393,1401,1,5,2
9,2020,5,14,0,11,645,656,1,5,2
9,2020,5,12,0,10,838,848,1,5,2
9,2020,5,12,0,9,274,283,1,5,2
9,2020,5,8,1,15,1043,1058,1,5,2
9,2020,5,7,0,13,356,369,1,5,2
9,2020,4,27,0,11,186,197,1,5,2
9,2020,5,15,1,12,135,147,1,5,2
9,2020,4,21,1,12,448,460,1,5,2
9,2020,4,14,1,16,798,814,1,5,2
9,2020,4,13,2,10,776,786,1,5,2
9,2020,3,25,1,10,288,298,1,5,2
9,2020,3,25,1,5,509,514,1,5,2
9,2020,5,14,0,12,352,364,1,5,2
9,2020,5,7,1,10,154,164,1,5,2
9,2020,4,20,0,11,325,336,1,5,2
9,2020,4,8,1,12,740,752,1,5,2
9,2020,4,2,0,9,141,150,1,5,2
9,2020,4,2,0,12,139,151,1,5,2
9,2020,4,2,1,8,315,323,1,5,2
9,2020,4,2,1,9,197,206,1,5,2
9,2020,4,1,1,11,577,588,1,5,2
9,2020,3,31,1,12,1162,1174,1,5,2
9,2020,3,26,0,13,531,544,1,5,2
9,2020,3,24,0,11,1514,1525,1,5,2
9,2020,3,12,2,8,79,87,1,5,2
9,2020,3,17,1,13,610,623,1,5,2
9,2020,3,12,0,9,842,851,1,5,2
9,2020,5,5,1,10,699,709,1,5,2
9,2020,3,23,1,16,954,970,1,5,2
9,2020,3,19,2,20,1089,1109,1,5,2
9,2020,4,20,1,11,330,341,1,5,2
9,2020,4,20,0,9,911,920,1,5,2
9,2020,4,14,1,13,588,601,1,5,2
9,2020,4,13,0,9,693,702,1,5,2
9,2020,3,29,0,9,261,270,1,5,2
9,2020,3,27,1,8,590,598,1,5,2
9,2020,3,27,1,11,705,716,1,5,2
9,2020,3,19,1,12,419,431,1,5,2
9,2020,3,17,1,23,382,405,1,5,2
9,2020,3,6,1,7,164,171,1,5,2
9,2020,5,7,2,14,41,55,1,5,2
9,2020,5,15,1,13,552,565,1,5,2
9,2020,5,14,2,10,890,900,1,5,2
9,2020,5,15,1,11,628,639,1,5,2
9,2020,5,14,1,12,634,646,1,5,2
9,2020,5,14,1,15,451,466,1,5,2
9,2020,5,14,1,7,501,508,1,5,2
9,2020,5,14,2,13,265,278,1,5,2
9,2020,4,24,1,16,819,835,1,5,2
9,2020,4,13,0,9,70,79,1,5,2
9,2020,3,27,0,6,61,67,1,5,2
9,2020,4,1,0,6,134,140,1,5,2
9,2020,4,1,0,8,102,110,1,5,2
9,2020,5,15,0,13,3924,3937,1,5,2
9,2020,4,25,1,11,650,661,1,5,2
9,2020,4,18,1,10,516,526,1,5,2
9,2020,4,16,0,9,921,930,1,5,2
9,2020,4,11,1,6,538,544,1,5,2
9,2020,4,6,1,16,675,691,1,5,2
9,2020,4,3,0,5,330,335,1,5,2
9,2020,4,1,0,10,189,199,1,5,2
9,2020,3,30,0,8,214,222,1,5,2
9,2020,3,28,1,9,503,512,1,5,2
9,2020,3,25,0,10,1344,1354,1,5,2
9,2020,3,21,1,10,524,534,1,5,2
9,2020,3,19,0,12,216,228,1,5,2
9,2020,3,17,0,10,210,220,1,5,2
9,2020,3,12,1,12,684,696,1,5,2
9,2020,5,15,0,9,228,237,1,5,2
9,2020,5,15,1,14,465,479,1,5,2
9,2020,5,7,0,13,316,329,1,5,2
9,2020,5,7,1,16,770,786,1,5,2
9,2020,5,7,1,16,658,674,1,5,2
9,2020,5,7,0,9,246,255,1,5,2
9,2020,5,6,0,14,885,899,1,5,2
9,2020,5,4,1,12,709,721,1,5,2
9,2020,5,4,1,10,238,248,1,5,2
9,2020,5,1,0,9,197,206,1,5,2
9,2020,4,28,1,12,357,369,1,5,2
9,2020,4,28,0,9,145,154,1,5,2
9,2020,4,23,0,15,1384,1399,1,5,2
9,2020,4,22,0,12,733,745,1,5,2
9,2020,5,12,1,12,605,617,1,5,2
9,2020,4,29,0,10,197,207,1,5,2
9,2020,4,27,1,12,370,382,1,5,2
9,2020,4,18,1,19,1235,1254,1,5,2
9,2020,4,7,1,7,691,698,1,5,2
9,2020,5,14,2,11,365,376,1,5,2
9,2020,5,13,1,10,606,616,1,5,2
9,2020,5,8,1,10,311,321,1,5,2
9,2020,5,7,2,8,406,414,1,5,2
9,2020,5,5,0,8,1352,1360,1,5,2
9,2020,4,30,1,17,548,565,1,5,2
9,2020,4,30,1,8,454,462,1,5,2
9,2020,4,30,0,18,2060,2078,1,5,2
9,2020,4,29,1,13,809,822,1,5,2
9,2020,4,29,1,16,371,387,1,5,2
9,2020,4,28,1,20,665,685,1,5,2
9,2020,4,28,1,16,515,531,1,5,2
9,2020,4,27,2,17,704,721,1,5,2
9,2020,4,27,1,8,659,667,1,5,2
9,2020,4,24,2,11,473,484,1,5,2
9,2020,4,24,0,11,820,831,1,5,2
9,2020,4,23,1,6,849,855,1,5,2
9,2020,4,21,1,22,863,885,1,5,2
9,2020,4,20,1,10,688,698,1,5,2
9,2020,4,20,1,13,800,813,1,5,2
9,2020,5,13,1,20,439,459,1,5,2
9,2020,5,12,1,12,339,351,1,5,2
9,2020,5,11,1,12,740,752,1,5,2
9,2020,5,11,0,10,1173,1183,1,5,2
9,2020,5,10,1,12,730,742,1,5,2
9,2020,5,8,1,10,1080,1090,1,5,2
9,2020,5,15,1,9,575,584,1,5,2
9,2020,5,15,1,10,449,459,1,5,2
9,2020,5,14,0,8,225,233,1,5,2
9,2020,5,12,1,13,383,396,1,5,2
9,2020,5,11,1,11,489,500,1,5,2
9,2020,5,8,0,8,289,297,1,5,2
9,2020,5,8,1,12,723,735,1,5,2
9,2020,4,30,1,11,799,810,1,5,2
9,2020,4,17,1,9,361,370,1,5,2
9,2020,4,14,1,11,835,846,1,5,2
9,2020,4,13,2,17,521,538,1,5,2
9,2020,4,9,1,14,735,749,1,5,2
9,2020,4,2,1,7,605,612,1,5,2
9,2020,3,31,1,15,374,389,1,5,2
9,2020,5,14,1,12,348,360,1,5,2
9,2020,5,13,0,11,575,586,1,5,2
9,2020,5,12,0,10,408,418,1,5,2
9,2020,5,8,1,18,791,809,1,5,2
9,2020,5,6,1,6,176,182,1,5,2
9,2020,5,4,1,9,272,281,1,5,2
9,2020,5,1,1,8,569,577,1,5,2
9,2020,4,30,0,11,220,231,1,5,2
9,2020,4,27,0,11,217,228,1,5,2
9,2020,4,27,1,12,807,819,1,5,2
9,2020,4,26,0,11,429,440,1,5,2
9,2020,4,24,1,11,369,380,1,5,2
9,2020,4,3,0,12,1480,1492,1,5,2
9,2020,3,20,0,11,694,705,1,5,2
9,2020,1,27,0,8,497,505,1,5,2
9,2020,4,26,1,10,485,495,1,5,2
9,2020,5,12,0,10,98,108,1,5,2
9,2020,5,2,1,19,693,712,1,5,2
9,2020,4,17,1,12,819,831,1,5,2
9,2020,4,16,1,14,471,485,1,5,2
9,2020,4,14,1,11,237,248,1,5,2
9,2020,5,11,0,10,551,561,1,5,2
9,2020,5,6,1,12,614,626,1,5,2
9,2020,5,1,1,13,591,604,1,5,2
9,2020,4,29,1,15,408,423,1,5,2
9,2020,4,16,1,14,619,633,1,5,2
9,2020,4,15,1,8,336,344,1,5,2
9,2020,4,13,1,11,554,565,1,5,2
9,2020,4,9,1,11,364,375,1,5,2
9,2020,4,4,1,12,582,594,1,5,2
9,2020,3,31,1,13,618,631,1,5,2
9,2020,5,2,1,9,548,557,1,5,2
9,2020,4,25,1,11,525,536,1,5,2
9,2020,4,11,1,6,509,515,1,5,2
9,2020,3,21,1,8,489,497,1,5,2
9,2020,3,12,2,9,395,404,1,5,2
9,2020,5,7,0,13,918,931,1,5,2
9,2020,5,11,1,11,436,447,1,5,2
9,2020,5,5,1,9,192,201,1,5,2
9,2020,5,5,1,9,183,192,1,5,2
9,2020,5,3,0,11,355,366,1,5,2
9,2020,5,3,1,14,811,825,1,5,2
9,2020,5,1,0,6,290,296,1,5,2
9,2020,4,30,1,11,340,351,1,5,2
9,2020,3,30,0,11,962,973,1,5,2
9,2020,4,29,2,17,922,939,1,5,2
9,2020,4,28,0,9,468,477,1,5,2
9,2020,4,23,1,13,415,428,1,5,2
9,2020,4,21,0,9,970,979,1,5,2
9,2020,4,21,1,13,843,856,1,5,2
9,2020,4,16,0,15,515,530,1,5,2
9,2020,4,13,0,10,1691,1701,1,5,2
9,2020,4,10,1,9,746,755,1,5,2
9,2020,4,9,0,7,819,826,1,5,2
9,2020,4,9,0,9,1032,1041,1,5,2
9,2020,4,28,1,13,665,678,1,5,2
9,2020,4,23,0,14,374,388,1,5,2
9,2020,4,13,0,8,474,482,1,5,2
9,2020,5,13,1,12,516,528,1,5,2
9,2020,5,12,1,13,430,443,1,5,2
9,2020,5,11,1,14,137,151,1,5,2
9,2020,5,10,1,8,187,195,1,5,2
9,2020,5,10,0,10,378,388,1,5,2
9,2020,5,10,0,9,2388,2397,1,5,2
9,2020,5,10,0,9,955,964,1,5,2
9,2020,5,9,1,5,433,438,1,5,2
9,2020,5,9,0,13,993,1006,1,5,2
9,2020,5,8,0,11,1095,1106,1,5,2
9,2020,5,8,0,7,579,586,1,5,2
9,2020,5,7,1,14,230,244,1,5,2
9,2020,5,7,1,19,509,528,1,5,2
9,2020,5,7,1,10,706,716,1,5,2
9,2020,5,4,1,8,196,204,1,5,2
9,2020,4,10,1,10,1063,1073,1,5,2
9,2020,4,4,1,16,1375,1391,1,5,2
9,2020,3,27,1,12,1109,1121,1,5,2
9,2020,5,12,1,14,392,406,1,5,2
9,2020,4,30,1,13,645,658,1,5,2
9,2020,4,29,1,13,491,504,1,5,2
9,2020,4,23,1,11,711,722,1,5,2
9,2020,4,17,1,10,654,664,1,5,2
9,2020,4,14,1,9,486,495,1,5,2
9,2020,4,13,2,13,1298,1311,1,5,2
9,2020,4,10,1,10,401,411,1,5,2
9,2020,4,10,1,10,289,299,1,5,2
9,2020,4,7,1,12,264,276,1,5,2
9,2020,4,2,1,14,605,619,1,5,2
9,2020,3,31,1,12,456,468,1,5,2
9,2020,3,27,1,12,786,798,1,5,2
9,2020,5,7,1,11,461,472,1,5,2
9,2020,5,1,1,13,573,586,1,5,2
9,2020,4,30,1,14,749,763,1,5,2
9,2020,4,25,1,11,874,885,1,5,2
9,2020,4,24,1,14,41,55,1,5,2
9,2020,5,1,1,11,677,688,1,5,2
8,2020,5,16,1,13,499,512,1,5,2
8,2020,5,16,2,11,316,327,1,5,2
8,2020,5,17,1,15,548,563,1,5,2
8,2020,5,17,1,11,425,436,1,5,2
8,2020,5,17,1,16,1419,1435,1,5,2
8,2020,5,17,2,15,1046,1061,1,5,2
8,2020,5,17,2,12,1442,1454,1,5,2
8,2020,5,16,1,16,1740,1756,1,5,2
8,2020,5,16,1,10,728,738,1,5,2
8,2020,5,16,1,9,963,972,1,5,2
8,2020,5,16,1,14,1587,1601,1,5,2
8,2020,5,16,1,11,469,480,1,5,2
8,2020,5,15,1,16,1201,1217,1,5,2
8,2020,5,16,3,12,2146,2158,1,5,2
8,2020,5,16,1,20,226,246,1,5,2
8,2020,5,16,1,13,1245,1258,1,5,2
8,2020,5,15,3,18,341,359,1,5,2
8,2020,5,15,2,13,565,578,1,5,2
8,2020,5,15,1,11,485,496,1,5,2
8,2020,5,15,1,12,447,459,1,5,2
8,2020,5,16,1,13,300,313,1,5,2
8,2020,5,15,1,12,868,880,1,5,2
8,2020,5,14,1,13,424,437,1,5,2
8,2020,5,14,1,12,1134,1146,1,5,2
8,2020,5,14,1,16,142,158,1,5,2
8,2020,5,11,2,15,636,651,1,5,2
8,2020,5,14,1,12,650,662,1,5,2
8,2020,5,15,1,8,526,534,1,5,2
8,2020,5,15,1,11,569,580,1,5,2
8,2020,5,15,3,13,1758,1771,1,5,2
8,2020,5,15,1,17,170,187,1,5,2
8,2020,5,15,1,13,201,214,1,5,2
8,2020,5,15,2,15,552,567,1,5,2
8,2020,4,16,1,8,265,273,1,5,2
8,2020,4,7,1,12,273,285,1,5,2
8,2020,5,14,1,13,293,306,1,5,2
8,2020,5,14,1,17,341,358,1,5,2
8,2020,4,29,3,12,2821,2833,1,5,2
8,2020,5,13,1,16,1719,1735,1,5,2
8,2020,5,15,1,17,554,571,1,5,2
8,2020,5,16,1,19,155,174,1,5,2
8,2020,5,14,1,22,384,406,1,5,2
8,2020,5,15,1,16,1050,1066,1,5,2
8,2020,5,8,1,11,80,91,1,5,2
8,2020,5,5,1,16,440,456,1,5,2
8,2020,5,14,1,17,306,323,1,5,2
31,2020,5,22,1,8,204,212,1,1,2
31,2020,5,22,3,5,2674,2679,1,1,2
31,2020,5,22,1,14,917,931,1,1,2
31,2020,5,22,3,12,620,632,1,1,2
31,2020,5,22,2,9,688,697,1,1,2
31,2020,5,20,1,9,672,681,1,1,2
31,2020,5,19,1,11,469,480,1,1,2
31,2020,5,19,1,7,1099,1106,1,1,2
31,2020,5,19,1,9,766,775,1,1,2
31,2020,5,17,1,15,1331,1346,1,1,2
31,2020,5,21,1,8,838,846,1,1,2
31,2020,5,21,1,18,922,940,1,1,2
31,2020,5,21,1,7,554,561,1,1,2
31,2020,5,20,1,11,1188,1199,1,1,2
31,2020,5,20,1,10,3094,3104,1,1,2
31,2020,5,19,2,12,430,442,1,1,2
31,2020,5,21,1,7,1161,1168,1,1,2
31,2020,5,21,2,10,993,1003,1,1,2
31,2020,5,19,1,18,227,245,1,1,2
31,2020,5,20,2,10,790,800,1,1,2
31,2020,5,17,1,9,613,622,1,1,2
31,2020,5,14,2,10,602,612,1,1,2
31,2020,5,22,1,9,602,611,1,1,2
31,2020,5,22,1,5,602,607,1,1,2
31,2020,5,22,1,11,602,613,1,1,2
31,2020,5,21,1,8,602,610,1,1,2
31,2020,5,21,1,6,602,608,1,1,2
31,2020,5,21,1,11,602,613,1,1,2
31,2020,5,20,1,10,602,612,1,1,2
31,2020,5,20,1,11,602,613,1,1,2
31,2020,5,20,1,5,602,607,1,1,2
31,2020,5,19,1,3,602,605,1,1,2
31,2020,5,19,2,7,602,609,1,1,2
31,2020,5,19,1,12,602,614,1,1,2
31,2020,5,19,1,7,602,609,1,1,2
31,2020,5,18,1,14,602,616,1,1,2
31,2020,5,18,2,8,602,610,1,1,2
31,2020,5,18,1,13,602,615,1,1,2
31,2020,5,18,2,9,602,611,1,1,2
31,2020,5,18,1,6,602,608,1,1,2
31,2020,5,18,1,7,602,609,1,1,2
31,2020,5,18,2,10,602,612,1,1,2
31,2020,5,17,1,10,602,612,1,1,2
31,2020,5,17,1,6,602,608,1,1,2
31,2020,5,16,1,6,602,608,1,1,2
31,2020,5,15,1,6,602,608,1,1,2
31,2020,5,15,1,8,602,610,1,1,2
31,2020,5,14,1,10,602,612,1,1,2
31,2020,5,19,1,9,602,611,1,1,2
31,2020,5,18,1,9,602,611,1,1,2
31,2020,5,20,1,10,602,612,1,1,2
31,2020,5,22,1,8,602,610,1,1,2
31,2020,5,22,1,9,602,611,1,1,2
31,2020,5,7,1,7,602,609,1,1,2
31,2020,3,11,0,3,602,605,1,1,2
31,2020,3,13,2,6,602,608,1,1,2
31,2020,5,19,1,9,602,611,1,1,2
31,2020,5,20,1,7,602,609,1,1,2
31,2020,5,8,1,4,602,606,1,1,2
31,2020,5,8,1,11,602,613,1,1,2
31,2020,5,19,1,5,602,607,1,1,2
31,2020,5,15,0,4,602,606,1,1,2
31,2020,5,15,1,8,602,610,1,1,2
31,2020,5,22,1,13,602,615,1,1,2
31,2020,5,14,1,6,602,608,1,1,2
31,2020,5,13,2,6,807,813,1,1,2
6,2020,5,16,1,23,280,303,1,5,2
6,2020,5,16,1,17,908,925,1,5,2
6,2020,5,15,1,19,716,735,1,5,2
6,2020,5,16,1,21,736,757,1,5,2
6,2020,5,16,3,21,346,367,1,5,2
6,2020,5,16,1,27,1616,1643,1,5,2
6,2020,5,16,1,25,1406,1431,1,5,2
6,2020,5,16,1,20,276,296,1,5,2
6,2020,5,16,1,16,399,415,1,5,2
6,2020,5,16,1,18,445,463,1,5,2
6,2020,5,16,1,21,175,196,1,5,2
6,2020,5,16,1,18,496,514,1,5,2
6,2020,5,16,1,20,486,506,1,5,2
6,2020,5,16,1,19,525,544,1,5,2
6,2020,5,16,1,13,822,835,1,5,2
6,2020,5,16,0,23,853,876,1,5,2
6,2020,5,16,1,15,338,353,1,5,2
6,2020,5,15,1,23,1962,1985,1,5,2
6,2020,5,16,2,16,429,445,1,5,2
6,2020,5,16,1,13,998,1011,1,5,2
6,2020,5,15,1,13,1526,1539,1,5,2
6,2020,5,15,1,14,872,886,1,5,2
6,2020,5,15,1,11,3403,3414,1,5,2
6,2020,5,15,1,19,1042,1061,1,5,2
6,2020,5,15,1,18,819,837,1,5,2
6,2020,5,16,1,21,637,658,1,5,2
6,2020,5,15,1,10,331,341,1,5,2
6,2020,5,15,1,28,1253,1281,1,5,2
6,2020,5,15,1,10,589,599,1,5,2
6,2020,5,15,2,15,830,845,1,5,2
6,2020,5,15,1,26,523,549,1,5,2
6,2020,5,15,3,8,100,108,1,5,2
6,2020,5,15,1,25,1186,1211,1,5,2
6,2020,5,15,1,17,959,976,1,5,2
6,2020,5,15,1,22,1086,1108,1,5,2
6,2020,5,15,2,11,2405,2416,1,5,2
6,2020,5,15,1,20,710,730,1,5,2
6,2020,5,15,1,14,980,994,1,5,2
6,2020,5,15,2,16,1113,1129,1,5,2
6,2020,5,15,3,16,550,566,1,5,2
6,2020,5,16,1,8,657,665,1,5,2
6,2020,5,16,1,31,1174,1205,1,5,2
6,2020,5,16,1,20,1078,1098,1,5,2
6,2020,5,16,1,31,1706,1737,1,5,2
6,2020,5,15,1,30,411,441,1,5,2
6,2020,5,15,2,12,408,420,1,5,2
6,2020,5,15,1,19,763,782,1,5,2
6,2020,5,15,1,19,124,143,1,5,2
6,2020,5,15,1,30,1059,1089,1,5,2
6,2020,5,15,1,32,283,315,1,5,2
6,2020,5,14,1,18,222,240,1,5,2
6,2020,5,10,1,15,699,714,1,5,2
6,2020,5,15,1,11,323,334,1,5,2
6,2020,5,10,1,13,259,272,1,5,2
6,2020,5,15,1,20,461,481,1,5,2
6,2020,5,15,1,22,621,643,1,5,2
6,2020,5,15,1,11,1375,1386,1,5,2
6,2020,5,15,2,17,586,603,1,5,2
6,2020,5,15,1,23,719,742,1,5,2
6,2020,5,15,1,30,1205,1235,1,5,2
6,2020,5,15,1,27,735,762,1,5,2
6,2020,5,15,1,24,335,359,1,5,2
6,2020,5,15,2,20,1768,1788,1,5,2
6,2020,5,15,1,17,586,603,1,5,2
6,2020,5,15,3,16,959,975,1,5,2
6,2020,5,15,1,16,352,368,1,5,2
6,2020,5,16,1,29,490,519,1,5,2
6,2020,5,16,1,29,942,971,1,5,2
6,2020,5,16,1,13,241,254,1,5,2
6,2020,5,16,1,40,662,702,1,5,2
6,2020,5,15,1,25,1168,1193,1,5,2
6,2020,5,16,2,13,992,1005,1,5,2
6,2020,5,16,1,22,814,836,1,5,2
6,2020,5,15,1,10,1151,1161,1,5,2
6,2020,5,15,1,21,702,723,1,5,2
6,2020,5,16,3,18,180,198,1,5,2
6,2020,5,14,2,19,1047,1066,1,5,2
6,2020,5,14,1,9,1077,1086,1,5,2
6,2020,5,13,2,14,2170,2184,1,5,2
6,2020,5,13,1,12,1457,1469,1,5,2
6,2020,5,12,2,9,1991,2000,1,5,2
6,2020,5,12,2,11,1058,1069,1,5,2
6,2020,5,11,1,21,865,886,1,5,2
6,2020,5,11,3,11,1262,1273,1,5,2
6,2020,5,11,2,12,1939,1951,1,5,2
6,2020,5,10,2,19,1214,1233,1,5,2
6,2020,5,10,2,10,635,645,1,5,2
6,2020,5,8,1,20,791,811,1,5,2
6,2020,5,8,2,15,701,716,1,5,2
6,2020,5,7,2,21,689,710,1,5,2
6,2020,5,6,2,16,1093,1109,1,5,2
6,2020,5,6,2,5,1431,1436,1,5,2
6,2020,5,5,2,11,1847,1858,1,5,2
6,2020,5,4,2,10,1971,1981,1,5,2
6,2020,5,3,1,14,2602,2616,1,5,2
6,2020,5,2,2,14,965,979,1,5,2
6,2020,5,1,2,13,1426,1439,1,5,2
6,2020,4,30,2,7,1875,1882,1,5,2
6,2020,4,30,1,8,991,999,1,5,2
6,2020,4,28,1,9,940,949,1,5,2
6,2020,4,28,2,9,1588,1597,1,5,2
6,2020,4,27,2,14,1711,1725,1,5,2
6,2020,5,16,0,18,367,385,1,5,2
6,2020,5,10,1,17,332,349,1,5,2
6,2020,5,15,1,28,1088,1116,1,5,2
6,2020,5,15,0,12,224,236,1,5,2
6,2020,5,15,1,18,412,430,1,5,2
6,2020,5,15,1,19,410,429,1,5,2
6,2020,5,15,1,12,430,442,1,5,2
6,2020,5,15,1,12,417,429,1,5,2
6,2020,5,15,1,14,413,427,1,5,2
6,2020,5,15,1,19,313,332,1,5,2
6,2020,5,15,1,18,392,410,1,5,2
6,2020,5,14,1,22,516,538,1,5,2
6,2020,5,14,1,15,441,456,1,5,2
6,2020,5,14,1,23,405,428,1,5,2
6,2020,5,14,1,32,526,558,1,5,2
6,2020,5,14,1,27,763,790,1,5,2
6,2020,5,16,0,20,345,365,1,5,2
6,2020,5,15,1,18,439,457,1,5,2
6,2020,5,14,1,18,472,490,1,5,2
6,2020,5,14,1,18,1044,1062,1,5,2
6,2020,5,14,2,15,177,192,1,5,2
6,2020,5,13,1,15,460,475,1,5,2
6,2020,5,13,2,17,1289,1306,1,5,2
6,2020,5,12,2,10,316,326,1,5,2
6,2020,5,12,1,14,252,266,1,5,2
6,2020,5,11,2,16,789,805,1,5,2
6,2020,5,15,2,14,1460,1474,1,5,2
6,2020,5,14,1,13,332,345,1,5,2
6,2020,5,14,1,19,659,678,1,5,2
6,2020,5,14,1,23,101,124,1,5,2
6,2020,5,14,1,27,364,391,1,5,2
6,2020,5,14,1,18,616,634,1,5,2
6,2020,5,14,1,28,1172,1200,1,5,2
6,2020,5,13,1,22,288,310,1,5,2
6,2020,5,13,1,27,137,164,1,5,2
6,2020,5,13,1,38,676,714,1,5,2
6,2020,5,12,1,33,2245,2278,1,5,2
6,2020,5,16,1,19,216,235,1,5,2
6,2020,5,16,1,16,505,521,1,5,2
6,2020,5,15,1,25,917,942,1,5,2
6,2020,5,15,1,13,188,201,1,5,2
6,2020,5,15,1,20,684,704,1,5,2
6,2020,5,15,1,21,262,283,1,5,2
6,2020,5,15,1,12,468,480,1,5,2
6,2020,5,14,1,15,461,476,1,5,2
6,2020,5,14,1,20,687,707,1,5,2
6,2020,5,13,1,31,815,846,1,5,2
6,2020,5,12,1,18,200,218,1,5,2
6,2020,5,9,1,12,828,840,1,5,2
6,2020,5,8,1,9,1224,1233,1,5,2
6,2020,5,7,1,17,233,250,1,5,2
6,2020,5,7,1,15,625,640,1,5,2
6,2020,5,6,1,24,345,369,1,5,2
6,2020,5,1,1,17,292,309,1,5,2
6,2020,5,16,1,8,25,33,1,5,2
6,2020,5,15,1,26,417,443,1,5,2
26,2020,5,18,1,14,508,522,1,7,2
26,2020,3,16,1,11,441,452,1,7,2
26,2020,3,20,1,7,180,187,1,7,2
26,2020,5,21,1,7,618,625,1,7,2
26,2020,5,21,1,16,812,828,1,7,2
26,2020,5,22,1,14,834,848,1,7,2
26,2020,5,22,1,14,632,646,1,7,2
26,2020,5,20,1,13,754,767,1,7,2
26,2020,5,21,1,14,637,651,1,7,2
26,2020,5,21,1,10,535,545,1,7,2
26,2020,5,21,1,10,924,934,1,7,2
26,2020,5,21,1,8,664,672,1,7,2
26,2020,5,21,1,12,926,938,1,7,2
26,2020,5,10,1,10,65,75,1,7,2
26,2020,5,1,3,10,2053,2063,1,7,2
26,2020,4,26,1,15,3307,3322,1,7,2
26,2020,4,17,1,12,790,802,1,7,2
26,2020,4,9,1,14,2033,2047,1,7,2
26,2020,4,14,1,16,416,432,1,7,2
26,2020,5,21,1,10,858,868,1,7,2
28,2020,5,23,3,7,611,618,1,8,2
28,2020,5,23,3,18,629,647,1,8,2
28,2020,5,23,3,15,854,869,1,8,2
28,2020,5,23,3,11,588,599,1,8,2
28,2020,5,23,3,18,586,604,1,8,2
28,2020,5,22,3,19,1005,1024,1,8,2
28,2020,5,22,3,20,274,294,1,8,2
28,2020,5,22,3,11,671,682,1,8,2
28,2020,5,22,3,7,670,677,1,8,2
28,2020,5,22,3,11,838,849,1,8,2
28,2020,5,22,3,14,702,716,1,8,2
28,2020,5,21,3,8,611,619,1,8,2
28,2020,5,21,3,25,728,753,1,8,2
28,2020,5,21,3,15,1198,1213,1,8,2
28,2020,5,21,3,14,661,675,1,8,2
28,2020,5,21,3,15,633,648,1,8,2
28,2020,5,21,3,17,621,638,1,8,2
28,2020,5,21,3,11,519,530,1,8,2
28,2020,5,20,3,20,1567,1587,1,8,2
28,2020,5,20,3,27,960,987,1,8,2
28,2020,5,20,3,16,1147,1163,1,8,2
28,2020,4,3,10,12,647,659,1,8,2
28,2020,3,27,10,6,1428,1434,1,8,2
38,2020,5,21,1,13,231,244,1,6,3
38,2020,5,21,1,19,583,602,1,6,3
38,2020,5,21,1,16,457,473,1,6,3
38,2020,5,21,1,19,444,463,1,6,3
38,2020,5,21,1,26,682,708,1,6,3
18,0,0,0,0,4,808,812,1,6,2
18,0,0,0,0,6,2516,2522,1,6,2
18,0,0,0,0,8,1200,1208,1,6,2
18,0,0,0,0,7,1058,1065,1,6,2
18,0,0,0,0,5,1409,1414,1,6,2
18,0,0,0,0,13,795,808,1,6,2
18,0,0,0,0,8,41,49,1,6,2
18,0,0,0,0,9,850,859,1,6,2
18,0,0,0,0,4,747,751,1,6,2
18,0,0,0,0,11,353,364,1,6,2
18,0,0,0,0,11,1211,1222,1,6,2
18,0,0,0,0,9,225,234,1,6,2
18,0,0,0,0,5,1544,1549,1,6,2
18,0,0,0,0,7,1431,1438,1,6,2
18,2020,5,1,0,13,526,539,1,6,2
18,2020,5,8,0,16,388,404,1,6,2
18,0,0,0,0,13,498,511,1,6,2
18,0,0,0,0,16,483,499,1,6,2
18,0,0,0,0,12,554,566,1,6,2
18,0,0,0,0,9,409,418,1,6,2
18,0,0,0,0,12,231,243,1,6,2
18,0,0,0,0,10,181,191,1,6,2
18,0,0,0,0,9,93,102,1,6,2
18,0,0,0,0,11,191,202,1,6,2
18,0,0,0,0,9,272,281,1,6,2
19,2020,5,23,1,15,408,423,1,6,2
19,2020,5,23,1,5,1251,1256,1,6,2
19,2020,5,23,1,8,14238,14246,1,6,2
19,2020,5,22,1,13,627,640,1,6,2
19,2020,5,22,2,12,771,783,1,6,2
19,2020,5,22,1,7,919,926,1,6,2
19,2020,5,22,1,17,589,606,1,6,2
19,2020,5,21,1,16,851,867,1,6,2
19,2020,5,20,1,15,407,422,1,6,2
19,2020,5,18,1,6,1971,1977,1,6,2
37,2020,5,22,0,12,845,857,1,6,3
37,2020,5,21,1,13,193,206,1,6,3
37,2020,5,21,1,20,461,481,1,6,3
37,2020,5,21,1,11,799,810,1,6,3
37,2020,5,20,1,10,1785,1795,1,6,3
37,2020,5,20,1,11,749,760,1,6,3
37,2020,5,19,0,14,887,901,1,6,3
37,2020,5,19,1,20,519,539,1,6,3
44,2020,5,21,0,19,159,178,1,8,3
44,2020,5,22,0,20,182,202,1,8,3
44,2020,5,22,0,21,280,301,1,8,3
44,2020,5,22,0,16,318,334,1,8,3
44,2020,5,22,0,11,286,297,1,8,3
44,2020,5,21,0,20,168,188,1,8,3
2,2020,5,23,0,10,1229,1239,1,8,3
2,2020,5,23,0,14,1229,1243,1,8,3
2,2020,5,23,0,7,1229,1236,1,8,3
2,2020,5,23,0,7,1229,1236,1,8,3
2,2020,5,23,0,19,1229,1248,1,8,3
2,2020,5,23,0,11,1229,1240,1,8,3
2,2020,5,22,0,13,1229,1242,1,8,3
2,2020,5,22,0,9,1229,1238,1,8,3
2,2020,5,22,0,4,1229,1233,1,8,3
2,2020,5,5,0,17,1229,1246,1,8,3
2,2020,5,22,0,14,1229,1243,1,8,3
2,2020,5,22,0,9,1229,1238,1,8,3
2,2020,5,22,0,8,1229,1237,1,8,3
2,2020,5,22,0,14,1229,1243,1,8,3
2,2020,5,22,0,6,1229,1235,1,8,3
2,2020,5,19,0,11,1229,1240,1,8,3
2,2020,5,20,0,12,1229,1241,1,8,3
2,2020,2,12,0,11,1229,1240,1,8,3
2,2020,5,5,0,9,1229,1238,1,8,3
2,2020,5,21,0,17,1229,1246,1,8,3
3,0,0,0,0,9,520,529,1,3,2
3,0,0,0,0,10,769,779,1,3,2
3,0,0,0,0,5,891,896,1,3,2
3,0,0,0,0,6,769,775,1,3,2
3,0,0,0,0,7,1149,1156,1,3,2
3,2020,5,5,0,8,887,895,1,3,2
3,0,0,0,0,5,1525,1530,1,3,2
3,0,0,0,0,8,1268,1276,1,3,2
3,0,0,0,0,5,1010,1015,1,3,2
3,0,0,0,0,8,1068,1076,1,3,2
3,0,0,0,0,7,1234,1241,1,3,2
3,0,0,0,0,8,806,814,1,3,2
3,0,0,0,0,4,1808,1812,1,3,2
3,0,0,0,0,3,904,907,1,3,2
3,0,0,0,0,2,1296,1298,1,3,2
3,0,0,0,0,6,1272,1278,1,3,2
3,0,0,0,0,10,1968,1978,1,3,2
3,0,0,0,0,4,1074,1078,1,3,2
3,0,0,0,0,4,1070,1074,1,3,2
3,0,0,0,0,7,1457,1464,1,3,2
3,0,0,0,0,6,1274,1280,1,3,2
3,0,0,0,0,10,837,847,1,3,2
3,0,0,0,0,4,1486,1490,1,3,2
3,0,0,0,0,9,1294,1303,1,3,2
3,0,0,0,0,5,1021,1026,1,3,2
3,0,0,0,0,8,1628,1636,1,3,2
3,0,0,0,0,9,1137,1146,1,3,2
3,0,0,0,0,8,1291,1299,1,3,2
3,0,0,0,0,8,1279,1287,1,3,2
3,0,0,0,0,9,1058,1067,1,3,2
3,0,0,0,0,11,972,983,1,3,2
3,0,0,0,0,15,307,322,1,3,2
4,2020,5,23,2,11,487,498,1,3,2
4,2020,5,23,1,16,605,621,1,3,2
4,2020,5,23,2,18,825,843,1,3,2
4,2020,5,23,2,12,445,457,1,3,2
4,2020,5,23,1,18,474,492,1,3,2
4,2020,5,20,2,12,620,632,1,3,2
4,2020,5,21,1,11,343,354,1,3,2
52,2020,5,23,10,11,763,774,1,3,2
11,2020,5,21,4,14,1435,1449,1,6,2
11,2020,5,21,4,13,2274,2287,1,6,2
11,2020,5,17,4,11,1068,1079,1,6,2
11,2020,5,15,3,12,1792,1804,1,6,2
11,2020,5,3,3,13,1613,1626,1,6,2
11,0,0,0,0,1,1613,1614,0,6,2
14,2020,5,23,0,28,540,568,1,3,3
14,2020,5,23,0,12,267,279,1,3,3
14,2020,5,23,0,10,49,59,1,3,3
14,2020,5,22,0,24,800,824,1,3,3
14,2020,5,22,0,7,848,855,1,3,3
14,2020,5,22,0,11,25,36,1,3,3
13,2020,5,23,1,8,692,700,1,3,2
13,2020,5,23,1,11,960,971,1,3,2
13,2020,5,23,1,15,777,792,1,3,2
13,2020,5,22,1,11,1528,1539,1,3,2
13,2020,5,22,1,14,734,748,1,3,2
13,2020,5,21,1,10,452,462,1,3,2
13,2020,5,21,1,20,1228,1248,1,3,2
13,2020,5,21,1,23,592,615,1,3,2
13,2020,5,22,1,15,2908,2923,1,3,2
13,2020,5,22,1,8,1461,1469,1,3,2
13,2020,5,22,1,12,1907,1919,1,3,2
13,2020,5,21,0,15,2350,2365,1,3,2
13,2020,5,21,1,12,667,679,1,3,2
13,2020,5,20,1,11,1268,1279,1,3,2
13,2020,5,21,0,12,668,680,1,3,2
15,0,0,0,3,5,300,305,1,6,2
58,2020,5,22,0,9,300,309,1,6,2
65,0,0,0,1,10,39,49,1,6,2
15,0,0,0,0,9,729,738,1,6,2
15,0,0,0,0,13,1300,1313,1,6,2
59,2020,5,23,6,20,1300,1320,1,6,2
60,2020,5,23,4,14,567,581,1,6,2
15,2020,5,22,2,19,98,117,1,6,2
15,0,0,0,0,1,98,99,0,6,2
53,2020,5,23,1,11,186,197,1,6,2
51,2020,5,23,0,7,2376,2383,1,6,2
66,2020,5,23,10,9,51,60,1,6,2
15,2020,5,23,1,12,996,1008,1,6,2
15,2020,5,22,0,14,596,610,1,6,2
15,0,0,0,5,17,1087,1104,1,6,2
64,0,0,0,3,24,581,605,1,6,2
15,0,0,0,0,15,1551,1566,1,6,2
51,2020,5,22,0,14,466,480,1,6,2
15,2020,5,22,0,15,276,291,1,6,2
54,2020,5,22,10,10,891,901,1,6,2
62,2020,5,22,2,10,535,545,1,6,2
55,0,0,0,0,11,341,352,1,6,2
50,0,0,0,1,3,1081,1084,1,6,2
49,2010,7,6,0,3,1081,1084,1,6,2
51,2020,5,23,0,11,1863,1874,1,6,2
56,2020,5,23,2,14,894,908,1,6,2
15,2020,5,21,2,11,894,905,1,6,2
61,0,0,0,0,13,344,357,1,6,2
15,0,0,0,0,8,506,514,1,6,2
15,0,0,0,1,12,692,704,1,6,2
51,2020,5,23,0,10,1005,1015,1,6,2
57,2020,5,21,7,10,599,609,1,6,2
63,2020,5,23,1,14,598,612,1,6,2
48,0,0,0,1,5,52,57,1,6,2
48,0,0,0,1,5,47,52,1,6,2
5,2020,5,23,0,9,514,523,1,2,2
5,2020,5,23,0,9,1186,1195,1,2,2
5,2020,5,22,0,9,482,491,1,2,2
5,2020,5,21,8,11,336,347,1,2,2
24,2020,5,23,1,5,94,99,1,6,2
24,2020,5,23,1,16,598,614,1,6,2
24,2020,5,23,1,9,377,386,1,6,2
24,2020,5,23,1,11,1859,1870,1,6,2
24,2020,5,23,0,14,524,538,1,6,2
24,2020,5,23,0,19,328,347,1,6,2
24,2020,5,22,0,14,398,412,1,6,2
24,2020,5,22,1,10,533,543,1,6,2
24,2020,5,22,1,9,288,297,1,6,2
24,2020,5,22,0,11,198,209,1,6,2
24,2020,5,22,2,11,318,329,1,6,2
24,2020,5,22,0,7,383,390,1,6,2
24,2020,5,22,0,21,1158,1179,1,6,2
24,2020,5,22,0,12,1837,1849,1,6,2
24,0,0,0,0,1,1837,1838,0,6,2
24,2020,5,21,0,11,360,371,1,6,2
24,2020,5,21,0,10,878,888,1,6,2
29,2020,5,23,1,12,680,692,1,3,2
29,2020,5,23,1,14,609,623,1,3,2
29,2020,5,23,1,8,1210,1218,1,3,2
32,2020,5,23,0,20,1036,1056,1,7,3
32,2020,5,23,0,17,463,480,1,7,3
32,2020,5,21,1,16,479,495,1,7,3
32,2020,5,22,0,21,328,349,1,7,3
32,2020,5,21,0,20,348,368,1,7,3
32,2020,5,23,0,11,307,318,1,7,3
32,2020,5,23,0,19,546,565,1,7,3
32,2020,5,21,0,17,1619,1636,1,7,3
32,2020,5,23,0,7,36,43,1,7,3
10,2020,5,22,1,11,640,651,1,3,3
10,2020,5,22,1,12,1066,1078,1,3,3
10,2020,5,22,1,13,656,669,1,3,3
10,2020,5,21,1,17,615,632,1,3,3
10,2020,5,21,1,13,824,837,1,3,3
12,2020,4,30,1,13,265,278,1,8,3
16,2020,5,22,0,11,700,711,1,6,3
16,2020,5,22,0,14,279,293,1,6,3
20,0,0,0,0,14,203,217,1,8,2
20,0,0,0,0,8,2458,2466,1,8,2
20,0,0,0,0,12,4185,4197,1,8,2
20,0,0,0,0,7,2454,2461,1,8,2
20,0,0,0,0,12,125,137,1,8,2
20,0,0,0,0,8,202,210,1,8,2
20,0,0,0,0,10,1851,1861,1,8,2
20,0,0,0,0,17,1229,1246,1,8,2
20,0,0,0,0,17,1607,1624,1,8,2
20,0,0,0,0,14,278,292,1,8,2
20,0,0,0,0,13,1072,1085,1,8,2
20,0,0,0,0,6,993,999,1,8,2
21,2020,5,22,0,18,2791,2809,1,8,2
21,2020,5,22,0,12,661,673,1,8,2
21,2020,5,21,0,18,1159,1177,1,8,2
21,2020,5,18,0,22,4414,4436,1,8,2
21,2020,5,15,0,24,1219,1243,1,8,2
21,2020,5,1,0,10,810,820,1,8,2
21,2020,5,1,0,12,2804,2816,1,8,2
21,2020,4,30,0,18,477,495,1,8,2
21,2020,4,29,0,14,358,372,1,8,2
21,2020,4,22,0,9,3721,3730,1,8,2
21,2020,4,11,0,15,1665,1680,1,8,2
21,2020,5,3,0,13,1849,1862,1,8,2
21,2020,4,24,0,22,1551,1573,1,8,2
21,2020,4,17,0,22,2102,2124,1,8,2
21,2020,2,25,0,11,253,264,1,8,2
21,2020,2,4,0,8,1120,1128,1,8,2
21,2020,3,26,0,11,1337,1348,1,8,2
21,2020,7,24,0,19,1192,1211,1,8,2
21,2020,5,14,0,14,1081,1095,1,8,2
21,2020,5,10,0,25,1659,1684,1,8,2
22,2020,5,22,1,12,383,395,1,8,2
22,2020,5,21,1,13,314,327,1,8,2
22,2020,5,21,1,14,602,616,1,8,2
22,2020,5,20,1,11,368,379,1,8,2
22,2020,5,19,1,11,449,460,1,8,2
22,2020,5,18,1,15,562,577,1,8,2
22,2020,5,18,1,13,625,638,1,8,2
22,2020,5,4,1,12,164,176,1,8,2
22,2020,4,19,1,11,449,460,1,8,2
22,2020,4,10,1,14,545,559,1,8,2
23,2020,5,6,0,8,88,96,1,8,2
23,2020,5,23,0,16,606,622,1,8,2
23,2020,5,22,0,20,1138,1158,1,8,2
23,2020,5,22,0,9,556,565,1,8,2
23,2020,5,21,0,10,371,381,1,8,2
23,2020,5,18,0,13,604,617,1,8,2
23,2020,5,17,0,27,1049,1076,1,8,2
23,2020,5,21,0,9,1466,1475,1,8,2
23,2020,5,14,0,19,718,737,1,8,2
23,2020,5,20,0,18,581,599,1,8,2
23,2020,5,11,0,15,663,678,1,8,2
23,2020,4,30,0,13,1046,1059,1,8,2
23,2020,4,28,0,15,590,605,1,8,2
23,2020,4,25,0,17,757,774,1,8,2
25,0,0,0,0,1,705,706,0,8,3
